{
    "id": "7b3ce595-2504-4e26-92bd-9e4c2a4f4e79",
    "started_at": "2026-04-28T23:13:56.365063",
    "finished_at": null,
    "n_total_trials": 80,
    "stats": {
        "n_trials": 7,
        "n_errors": 0,
        "evals": {
            "aicore-terminus-2__claude-4.5-sonnet-20250514__harbor_tasks": {
                "n_trials": 7,
                "n_errors": 0,
                "metrics": [
                    {
                        "mean": 0.42857142857142855
                    }
                ],
                "reward_stats": {
                    "reward": {
                        "0.0": [
                            "task_000000_021e3bf6__bfSEQwU",
                            "task_000000_10e4fe12__SpKeRQy",
                            "task_000000_9c288622__4Qnruuq",
                            "task_000000_251abc07__KgJxG9k"
                        ],
                        "1.0": [
                            "task_000000_08f3a532__qz6zKrG",
                            "task_000000_14c0e8b5__z7yWUZK",
                            "task_000000_f3b41d88__Bf7eD6G"
                        ]
                    }
                },
                "exception_stats": {}
            }
        }
    },
    "trial_results": []
}